datetime,temp,feelslike,humidity,precip,precipprob,windspeed,cloudcover,visibility,uvindex
2024-08-01 00:00:00,82.0,88.7,80.0,0.0,0,2.0,27.5,6.2,0
2024-08-01 01:00:00,82.0,88.7,80.0,0.0,0,1.1,27.5,6.2,0
2024-08-01 02:00:00,81.7,87.3,76.89,0.0,0,2.0,57.3,6.2,0
2024-08-01 03:00:00,80.4,85.1,79.88,0.0,0,1.4,27.5,6.2,0
2024-08-01 04:00:00,80.4,85.1,79.88,0.0,0,2.2,27.5,6.2,0
2024-08-01 05:00:00,78.5,78.5,84.74,0.0,0,2.1,25.0,6.1,0
2024-08-01 06:00:00,78.8,78.8,84.16,0.0,0,1.4,27.5,6.1,0
2024-08-01 07:00:00,78.8,78.8,84.16,0.0,0,2.2,27.5,6.2,0
2024-08-01 08:00:00,78.9,78.9,84.64,0.026,100,0.3,57.3,6.5,0
2024-08-01 09:00:00,82.4,88.5,75.35,0.0,0,3.5,27.5,6.2,2
2024-08-01 10:00:00,87.6,96.0,63.8,0.0,0,4.8,27.5,6.2,4
2024-08-01 11:00:00,89.5,96.7,56.59,0.0,0,7.8,57.3,6.8,6
2024-08-01 12:00:00,91.2,99.2,54.38,0.0,0,8.5,27.5,6.2,8
2024-08-01 13:00:00,93.0,101.1,50.69,0.0,0,10.8,27.5,6.2,8
2024-08-01 14:00:00,94.3,101.4,46.48,0.0,0,9.8,57.3,6.8,8
2024-08-01 15:00:00,93.0,101.3,51.05,0.0,0,8.8,27.5,6.2,8
2024-08-01 16:00:00,94.6,105.1,51.28,0.0,0,11.9,27.5,6.2,6
2024-08-01 17:00:00,93.0,102.9,53.49,0.0,0,11.9,57.3,6.8,5
2024-08-01 18:00:00,91.2,99.0,54.0,0.0,0,12.8,27.5,6.2,3
2024-08-01 19:00:00,89.4,98.4,60.28,0.0,0,9.4,27.5,6.2,1
2024-08-01 20:00:00,87.5,96.0,64.47,0.0,0,6.5,57.3,6.2,0
2024-08-01 21:00:00,87.4,94.2,60.88,0.0,0,5.7,27.5,6.2,0
2024-08-01 22:00:00,85.6,94.8,71.74,0.0,0,0.4,27.5,6.2,0
2024-08-01 23:00:00,85.3,93.1,69.26,0.0,0,4.2,57.3,6.2,0
2024-08-02 00:00:00,84.0,92.3,75.49,0.0,0,2.2,27.5,6.2,0
2024-08-02 01:00:00,83.8,92.0,76.0,0.0,0,2.0,27.5,6.2,0
2024-08-02 02:00:00,82.0,88.9,80.61,0.0,0,0.0,57.3,6.2,0
2024-08-02 03:00:00,82.0,88.9,80.56,0.0,0,0.1,27.5,6.1,0
2024-08-02 04:00:00,82.0,88.9,80.56,0.0,0,0.1,27.5,6.1,0
2024-08-02 05:00:00,80.5,86.0,84.26,0.0,0,0.1,57.3,6.1,0
2024-08-02 06:00:00,80.4,85.8,84.25,0.0,0,0.3,27.5,6.2,0
2024-08-02 07:00:00,80.6,86.2,83.68,0.0,0,0.4,27.5,6.2,0
2024-08-02 08:00:00,80.5,86.5,87.13,0.0,0,0.8,57.3,6.2,0
2024-08-02 09:00:00,85.4,94.3,71.72,0.0,0,5.8,27.5,6.2,2
2024-08-02 10:00:00,87.4,97.4,67.74,0.0,0,9.5,27.5,6.2,4
2024-08-02 11:00:00,89.3,98.4,60.41,0.0,0,7.9,57.3,6.5,6
2024-08-02 12:00:00,91.2,100.5,56.57,0.0,0,8.5,27.5,6.2,8
2024-08-02 13:00:00,93.0,102.8,53.48,0.0,0,9.5,30.1,6.2,9
2024-08-02 14:00:00,94.3,104.5,51.42,0.0,0,4.8,58.7,6.8,9
2024-08-02 15:00:00,94.8,103.3,47.95,0.0,0,8.7,30.1,6.2,7
2024-08-02 16:00:00,93.0,102.8,53.48,0.0,0,4.7,30.1,6.2,5
2024-08-02 17:00:00,87.9,99.9,69.81,0.0,0,5.8,58.7,5.6,4
2024-08-02 18:00:00,87.8,94.8,60.08,0.0,0,4.5,30.1,6.1,2
2024-08-02 19:00:00,86.0,93.8,67.12,0.0,0,4.5,30.1,6.1,1
2024-08-02 20:00:00,84.4,91.7,70.64,0.0,0,2.1,58.7,6.1,0
2024-08-02 21:00:00,84.2,92.6,74.99,0.0,0,0.1,30.1,6.1,0
2024-08-02 22:00:00,84.2,92.6,74.99,0.0,0,3.4,30.1,6.1,0
2024-08-02 23:00:00,84.0,92.3,75.69,0.0,0,1.2,57.3,6.1,0
2024-08-03 00:00:00,84.0,92.3,75.49,0.0,0,0.1,30.1,6.1,0
2024-08-03 01:00:00,82.2,89.1,79.46,0.0,0,0.3,27.5,6.1,0
2024-08-03 02:00:00,81.8,88.3,79.57,0.0,0,1.0,57.3,6.1,0
2024-08-03 03:00:00,80.4,85.8,84.25,0.0,0,0.0,27.5,6.1,0
2024-08-03 04:00:00,80.2,85.3,84.83,0.0,0,0.3,27.5,6.1,0
2024-08-03 05:00:00,80.3,85.5,84.25,0.0,0,0.3,25.0,6.1,0
2024-08-03 06:00:00,80.4,85.8,84.25,0.0,0,0.0,27.5,6.1,0
2024-08-03 07:00:00,80.4,85.8,84.25,0.0,0,3.2,27.5,6.2,0
2024-08-03 08:00:00,80.2,85.3,84.13,0.0,0,2.0,57.3,5.1,0
2024-08-03 09:00:00,84.0,92.1,74.97,0.0,0,0.4,27.5,6.2,2
2024-08-03 10:00:00,87.6,96.0,63.8,0.0,0,7.8,27.5,6.2,4
2024-08-03 11:00:00,90.9,99.9,56.92,0.0,0,8.8,57.3,6.2,6
2024-08-03 12:00:00,91.2,100.7,56.97,0.0,0,10.6,30.1,6.2,7
2024-08-03 13:00:00,91.2,100.7,56.97,0.0,0,10.9,30.1,6.2,7
2024-08-03 14:00:00,92.0,103.4,58.23,0.0,0,12.1,58.7,6.1,7
2024-08-03 15:00:00,87.4,95.9,64.68,0.0,0,13.1,30.1,6.1,6
2024-08-03 16:00:00,80.1,85.9,90.43,0.0,0,12.2,27.5,6.2,5
2024-08-03 17:00:00,79.9,79.9,91.05,0.0,0,6.8,57.3,6.2,3
2024-08-03 18:00:00,81.4,89.1,87.05,0.0,0,2.5,27.5,6.2,2
2024-08-03 19:00:00,81.2,87.5,82.56,0.0,0,3.5,27.5,6.2,1
2024-08-03 20:00:00,80.5,86.7,88.05,0.139,100,1.2,57.3,6.2,0
2024-08-03 21:00:00,80.8,87.6,88.23,0.0,0,0.1,27.5,5.7,0
2024-08-03 22:00:00,80.6,87.1,88.84,0.0,0,7.2,27.5,6.2,0
2024-08-03 23:00:00,79.4,79.4,91.42,0.0,0,6.1,57.3,6.2,0
2024-08-04 00:00:00,79.2,79.2,88.16,0.0,0,3.2,27.5,6.2,0
2024-08-04 01:00:00,79.0,79.0,88.77,0.0,0,4.2,27.5,5.1,0
2024-08-04 02:00:00,78.7,78.7,89.87,0.0,0,2.4,57.3,5.7,0
2024-08-04 03:00:00,78.8,78.8,88.76,0.0,0,4.5,27.5,5.7,0
2024-08-04 04:00:00,78.7,78.7,88.76,0.0,0,0.9,25.5,5.7,0
2024-08-04 05:00:00,80.3,85.5,84.25,0.0,0,7.1,25.0,6.1,0
2024-08-04 06:00:00,80.4,85.9,84.84,0.0,0,4.2,27.5,6.1,0
2024-08-04 07:00:00,80.4,85.8,84.25,0.0,0,4.3,30.1,6.1,0
2024-08-04 08:00:00,79.7,79.7,86.44,0.187,100,2.7,58.7,5.6,0
2024-08-04 09:00:00,80.2,85.3,84.83,0.0,0,5.4,30.1,5.9,1
2024-08-04 10:00:00,77.0,77.0,94.85,0.0,0,4.2,30.1,6.0,3
2024-08-04 11:00:00,79.2,79.2,88.78,0.0,0,6.5,61.7,6.1,5
2024-08-04 12:00:00,82.4,89.6,79.47,0.0,0,7.5,27.5,6.2,6
2024-08-04 13:00:00,84.2,92.5,74.47,0.0,0,4.2,30.1,6.2,5
2024-08-04 14:00:00,82.9,91.7,82.02,0.0,0,5.5,58.7,6.2,6
2024-08-04 15:00:00,78.3,78.3,86.28,0.0,0,7.5,30.1,6.1,5
2024-08-04 16:00:00,79.8,79.8,86.36,0.0,0,5.7,30.1,6.2,5
2024-08-04 17:00:00,82.7,89.9,77.85,0.0,0,6.8,57.3,6.2,3
2024-08-04 18:00:00,84.4,93.0,74.48,0.0,0,5.5,27.5,6.2,2
2024-08-04 19:00:00,82.8,89.2,74.34,0.0,0,5.4,27.5,6.2,1
2024-08-04 20:00:00,80.8,86.0,79.62,0.0,0,1.0,57.3,6.2,0
2024-08-04 21:00:00,79.2,79.2,88.16,0.0,0,1.1,27.5,6.2,0
2024-08-04 22:00:00,79.0,79.0,88.77,0.0,0,0.3,27.5,6.2,0
2024-08-04 23:00:00,79.1,79.1,88.16,0.0,0,0.0,57.3,6.2,0
2024-08-05 00:00:00,79.0,79.0,88.15,0.0,0,0.4,27.5,6.2,0
2024-08-05 01:00:00,79.0,79.0,88.15,0.0,0,0.3,27.5,6.2,0
2024-08-05 02:00:00,77.6,77.6,92.33,0.0,0,0.4,57.3,6.2,0
2024-08-05 03:00:00,77.2,77.2,93.54,0.0,0,0.3,27.5,6.2,0
2024-08-05 04:00:00,77.2,77.2,88.69,0.0,0,1.2,27.5,6.2,0
2024-08-05 05:00:00,77.0,77.0,92.96,0.0,0,0.3,57.3,6.1,0
2024-08-05 06:00:00,77.0,77.0,89.31,0.0,0,2.0,27.5,6.1,0
2024-08-05 07:00:00,77.0,77.0,89.31,0.0,0,3.2,27.5,6.1,0
2024-08-05 08:00:00,77.2,77.2,88.84,0.405,100,3.2,57.3,6.1,0
2024-08-05 09:00:00,80.6,85.5,79.9,0.0,0,4.2,30.1,5.9,2
2024-08-05 10:00:00,84.0,92.5,76.02,0.0,0,1.2,27.5,6.2,4
2024-08-05 11:00:00,87.2,97.0,67.72,0.0,0,6.4,58.7,6.5,6
2024-08-05 12:00:00,89.4,100.2,63.57,0.0,0,4.5,30.1,6.2,7
2024-08-05 13:00:00,91.2,102.7,60.08,0.0,0,6.7,30.1,6.2,7
2024-08-05 14:00:00,89.3,100.1,63.78,0.0,0,11.9,58.7,6.8,6
2024-08-05 15:00:00,89.8,100.5,62.3,0.0,0,7.8,27.5,6.2,5
2024-08-05 16:00:00,86.2,95.5,69.83,0.0,0,10.5,27.5,6.2,4
2024-08-05 17:00:00,82.4,90.7,83.43,0.0,0,4.4,57.3,5.7,2
2024-08-05 18:00:00,81.0,88.0,87.63,0.0,0,2.4,27.5,6.2,1
2024-08-05 19:00:00,81.0,87.1,83.12,0.0,0,2.4,27.5,6.2,0
2024-08-05 20:00:00,80.9,86.9,83.55,0.07,100,2.2,57.3,6.2,0
2024-08-05 21:00:00,80.8,86.7,83.69,0.0,0,0.4,27.5,6.2,0
2024-08-05 22:00:00,80.8,86.7,83.69,0.0,0,0.3,27.5,6.2,0
2024-08-05 23:00:00,80.8,86.6,83.97,0.0,0,0.3,57.3,6.2,0
2024-08-06 00:00:00,80.8,86.7,83.69,0.0,0,2.2,27.5,6.2,0
2024-08-06 01:00:00,79.0,79.0,88.77,0.0,0,0.3,27.5,6.2,0
2024-08-06 02:00:00,78.6,78.6,90.09,0.0,0,0.1,57.3,6.2,0
2024-08-06 03:00:00,78.8,78.8,88.76,0.0,0,0.0,27.5,6.1,0
2024-08-06 04:00:00,77.2,77.2,93.54,0.0,0,0.0,27.5,6.1,0
2024-08-06 05:00:00,77.2,77.2,93.03,0.0,0,0.0,57.3,6.1,0
2024-08-06 06:00:00,77.2,77.2,93.54,0.0,0,1.1,27.5,6.1,0
2024-08-06 07:00:00,77.2,77.2,88.69,0.0,0,8.5,27.5,6.1,0
2024-08-06 08:00:00,75.5,75.5,93.59,0.011,100,4.8,61.7,6.1,0
2024-08-06 09:00:00,75.4,75.4,92.84,0.0,0,3.5,27.5,6.2,2
2024-08-06 10:00:00,79.0,79.0,82.99,0.0,0,1.4,27.5,6.2,4
2024-08-06 11:00:00,82.5,89.2,77.42,0.0,0,2.2,57.3,6.8,5
2024-08-06 12:00:00,86.2,93.9,66.2,0.0,0,2.4,27.5,6.2,6
2024-08-06 13:00:00,88.0,96.4,62.52,0.0,0,2.4,30.1,6.2,8
2024-08-06 14:00:00,90.9,98.3,53.89,0.0,0,4.5,58.7,6.8,8
2024-08-06 15:00:00,91.4,98.9,52.89,0.0,0,5.7,30.1,6.2,7
2024-08-06 16:00:00,91.2,100.3,56.17,0.0,0,9.8,27.5,6.2,7
2024-08-06 17:00:00,86.1,96.3,72.09,0.0,0,7.5,57.3,6.5,5
2024-08-06 18:00:00,86.2,95.1,68.86,0.0,0,4.7,27.5,6.2,3
2024-08-06 19:00:00,86.0,96.9,74.11,0.0,0,2.2,27.5,6.2,1
2024-08-06 20:00:00,85.3,95.4,75.06,0.0,0,0.1,57.3,6.2,0
2024-08-06 21:00:00,84.0,93.8,79.59,0.0,0,2.0,27.5,6.2,0
2024-08-06 22:00:00,83.8,92.0,76.0,0.0,0,2.2,27.5,6.2,0
2024-08-06 23:00:00,82.4,90.4,82.13,0.0,0,2.1,57.3,6.2,0
2024-08-07 00:00:00,82.2,90.3,83.77,0.0,0,3.4,27.5,6.2,0
2024-08-07 01:00:00,82.2,90.3,83.77,0.0,0,3.1,27.5,6.2,0
2024-08-07 02:00:00,81.8,88.4,80.89,0.0,0,4.2,57.3,6.2,0
2024-08-07 03:00:00,80.4,85.8,84.25,0.0,0,3.1,27.5,6.2,0
2024-08-07 04:00:00,78.8,78.8,88.76,0.0,0,0.4,27.5,6.2,0
2024-08-07 05:00:00,78.8,78.8,88.99,0.0,0,0.4,57.3,6.2,0
2024-08-07 06:00:00,78.8,78.8,88.14,0.0,0,1.5,27.5,6.2,0
2024-08-07 07:00:00,78.8,78.8,88.76,0.0,0,1.2,27.5,6.2,0
2024-08-07 08:00:00,78.4,78.4,89.45,0.035,100,0.1,57.3,6.1,0
2024-08-07 09:00:00,80.6,86.2,83.68,0.0,0,0.0,27.5,6.1,2
2024-08-07 10:00:00,84.2,92.6,74.99,0.0,0,2.2,27.5,6.1,2
2024-08-07 11:00:00,89.0,99.4,64.07,0.0,0,3.4,57.3,6.1,3
2024-08-07 12:00:00,84.4,93.0,74.48,0.0,0,3.4,50.0,5.6,3
2024-08-07 13:00:00,80.4,86.6,89.45,0.0,0,8.8,30.1,5.3,2
2024-08-07 14:00:00,79.2,79.2,93.13,0.0,0,7.5,63.1,5.0,3
2024-08-07 15:00:00,77.4,77.4,93.55,0.0,0,3.2,30.1,5.0,4
2024-08-07 16:00:00,79.0,79.0,88.77,0.0,0,3.0,30.1,5.6,3
2024-08-07 17:00:00,79.0,79.0,92.58,0.0,0,3.4,58.7,6.1,3
2024-08-07 18:00:00,79.0,79.0,93.59,0.0,0,2.4,27.5,6.1,2
2024-08-07 19:00:00,79.0,79.0,88.77,0.0,0,2.4,27.5,6.1,1
2024-08-07 20:00:00,78.7,78.7,89.85,0.487,100,2.2,57.3,6.1,0
2024-08-07 21:00:00,79.0,79.0,88.77,0.0,0,1.2,27.5,6.1,0
2024-08-07 22:00:00,79.0,79.0,88.15,0.0,0,1.2,27.5,6.1,0
2024-08-07 23:00:00,78.7,78.7,89.93,0.0,0,0.3,57.3,5.0,0
2024-08-08 00:00:00,78.8,78.8,89.38,0.0,0,0.4,27.5,5.6,0
2024-08-08 01:00:00,78.8,78.8,89.38,0.0,0,0.3,27.5,5.6,0
2024-08-08 02:00:00,77.2,77.2,93.92,0.0,0,0.0,57.3,5.0,0
2024-08-08 03:00:00,77.2,77.2,94.2,0.0,0,0.3,27.5,4.4,0
2024-08-08 04:00:00,77.0,77.0,94.85,0.0,0,0.0,27.5,4.4,0
2024-08-08 05:00:00,77.1,77.1,93.88,0.0,0,2.1,57.3,4.9,0
2024-08-08 06:00:00,77.0,77.0,94.85,0.0,0,0.0,27.5,5.4,0
2024-08-08 07:00:00,77.2,77.2,94.2,0.0,0,0.0,27.5,6.1,0
2024-08-08 08:00:00,77.5,77.5,92.29,0.0,0,0.3,57.3,6.1,0
2024-08-08 09:00:00,79.0,79.0,88.15,0.0,0,0.4,27.5,6.1,1
2024-08-08 10:00:00,82.2,89.3,80.01,0.0,0,3.2,27.5,6.1,2
2024-08-08 11:00:00,84.3,92.8,74.88,0.0,0,7.5,57.3,6.1,3
2024-08-08 12:00:00,86.0,95.4,70.79,0.0,0,6.8,27.5,6.1,4
2024-08-08 13:00:00,87.6,96.0,63.8,0.0,0,6.9,27.5,6.2,4
2024-08-08 14:00:00,88.0,94.6,58.63,0.0,0,6.9,57.3,6.2,6
2024-08-08 15:00:00,88.0,95.0,59.68,0.0,0,7.8,30.1,6.2,7
2024-08-08 16:00:00,91.2,100.7,56.97,0.0,0,6.7,27.5,6.2,6
2024-08-08 17:00:00,91.1,100.4,56.68,0.0,0,5.7,57.3,6.2,4
2024-08-08 18:00:00,89.4,102.0,66.56,0.0,0,6.8,27.5,6.2,2
2024-08-08 19:00:00,87.6,97.5,66.82,0.0,0,6.5,27.5,6.2,1
2024-08-08 20:00:00,85.7,95.2,71.82,0.0,0,4.5,57.3,6.2,0
2024-08-08 21:00:00,84.0,92.3,75.49,0.0,0,3.4,27.5,6.2,0
2024-08-08 22:00:00,84.0,92.1,74.97,0.0,0,3.5,27.5,6.2,0
2024-08-08 23:00:00,83.9,92.1,75.9,0.0,0,3.4,57.3,6.2,0
2024-08-09 00:00:00,84.0,92.3,75.49,0.0,0,3.2,27.5,6.2,0
2024-08-09 01:00:00,84.0,93.8,79.59,0.0,0,0.0,27.5,6.2,0
2024-08-09 02:00:00,82.4,90.8,84.12,0.0,0,1.1,57.3,6.2,0
2024-08-09 03:00:00,82.2,90.4,84.36,0.0,0,2.0,27.5,6.2,0
2024-08-09 04:00:00,80.8,87.6,88.23,0.0,0,1.5,27.5,6.2,0
2024-08-09 05:00:00,80.6,87.2,88.67,0.0,0,0.1,57.3,6.2,0
2024-08-09 06:00:00,80.6,87.1,88.84,0.0,0,0.3,27.5,6.2,0
2024-08-09 07:00:00,80.4,86.6,89.45,0.0,0,0.4,27.5,6.1,0
2024-08-09 08:00:00,80.2,86.3,90.02,0.0,0,0.3,57.3,6.1,0
2024-08-09 09:00:00,83.8,93.4,80.13,0.0,0,3.0,27.5,6.2,2
2024-08-09 10:00:00,87.0,95.2,65.09,0.0,0,8.8,30.1,6.1,3
2024-08-09 11:00:00,86.1,96.8,73.61,0.0,0,10.8,57.3,6.7,5
2024-08-09 12:00:00,86.2,95.5,69.83,0.0,0,8.9,30.1,6.2,6
2024-08-09 13:00:00,89.6,100.8,63.6,0.0,0,7.7,30.1,6.2,5
2024-08-09 14:00:00,90.8,100.5,58.11,0.001,100,8.8,58.7,6.7,7
2024-08-09 15:00:00,81.2,88.5,87.04,0.0,0,9.8,50.0,3.9,6
2024-08-09 16:00:00,84.4,94.7,79.07,0.0,0,9.8,30.1,6.1,4
2024-08-09 17:00:00,86.3,98.2,74.81,0.0,0,12.8,57.3,6.2,2
2024-08-09 18:00:00,85.8,97.1,75.65,0.0,0,10.6,30.1,6.1,3
2024-08-09 19:00:00,84.0,93.8,79.59,0.0,0,6.5,27.5,6.2,1
2024-08-09 20:00:00,83.4,92.9,81.18,0.0,0,5.5,57.3,6.2,0
2024-08-09 21:00:00,82.2,89.3,80.01,0.0,0,4.5,27.5,6.2,0
2024-08-09 22:00:00,82.2,89.3,80.01,0.0,0,5.5,27.5,6.2,0
2024-08-09 23:00:00,81.9,89.4,83.62,0.0,0,3.4,57.3,6.2,0
2024-08-10 00:00:00,82.2,89.3,80.01,0.0,0,3.4,27.5,6.2,0
2024-08-10 01:00:00,80.4,86.5,88.83,0.0,0,2.4,27.5,6.2,0
2024-08-10 02:00:00,78.9,78.9,92.46,0.0,0,0.3,57.3,6.2,0
2024-08-10 03:00:00,78.8,78.8,88.76,0.0,0,0.0,27.5,6.1,0
2024-08-10 04:00:00,78.6,78.6,89.37,0.0,0,2.1,27.5,6.1,0
2024-08-10 05:00:00,78.3,78.3,90.31,0.0,0,0.0,57.3,6.1,0
2024-08-10 06:00:00,78.6,78.6,89.37,0.0,0,0.0,27.5,6.1,0
2024-08-10 07:00:00,77.0,77.0,94.19,0.0,0,0.3,27.5,6.1,0
2024-08-10 08:00:00,78.6,78.6,89.44,0.0,0,0.1,57.3,6.1,0
2024-08-10 09:00:00,82.4,90.7,83.21,0.0,0,0.4,27.5,6.2,2
2024-08-10 10:00:00,86.0,95.2,70.29,0.0,0,2.5,27.5,6.2,4
2024-08-10 11:00:00,88.0,97.7,65.37,0.0,0,5.7,58.7,6.8,6
2024-08-10 12:00:00,89.4,98.4,60.28,0.0,0,8.7,30.1,6.2,7
2024-08-10 13:00:00,91.0,102.4,60.48,0.0,0,7.8,30.1,6.2,6
2024-08-10 14:00:00,91.5,104.7,61.8,0.0,0,6.7,58.7,6.7,8
2024-08-10 15:00:00,92.2,104.2,58.71,0.0,0,6.4,30.1,6.1,6
2024-08-10 16:00:00,84.4,96.5,83.33,0.0,0,3.4,27.5,6.2,5
2024-08-10 17:00:00,87.8,98.3,67.26,0.0,0,6.7,57.3,6.2,5
2024-08-10 18:00:00,87.8,97.8,66.38,0.0,0,4.5,27.5,6.2,3
2024-08-10 19:00:00,84.4,94.5,78.53,0.0,0,4.4,27.5,6.2,1
2024-08-10 20:00:00,82.4,90.7,83.32,0.035,100,5.4,57.3,6.2,0
2024-08-10 21:00:00,80.8,86.7,83.69,0.0,0,5.5,27.5,6.2,0
2024-08-10 22:00:00,80.8,86.7,83.69,0.0,0,1.4,27.5,6.2,0
2024-08-10 23:00:00,80.7,87.1,87.43,0.0,0,0.1,57.3,6.2,0
2024-08-11 00:00:00,80.6,87.1,88.84,0.0,0,4.2,27.5,6.2,0
2024-08-11 01:00:00,80.6,87.1,88.84,0.0,0,2.0,27.5,6.2,0
2024-08-11 02:00:00,80.3,86.3,89.38,0.0,0,0.0,57.3,6.2,0
2024-08-11 03:00:00,80.6,87.0,88.22,0.0,0,4.5,27.5,6.2,0
2024-08-11 04:00:00,80.4,85.7,83.66,0.0,0,0.3,27.5,6.2,0
2024-08-11 05:00:00,80.0,85.0,85.27,0.0,0,0.0,57.3,6.2,0
2024-08-11 06:00:00,78.8,78.8,89.38,0.0,0,0.0,27.5,6.1,0
2024-08-11 07:00:00,78.8,78.8,89.38,0.0,0,0.0,27.5,6.1,0
2024-08-11 08:00:00,79.2,79.2,87.71,0.0,0,1.0,57.3,6.1,0
2024-08-11 09:00:00,82.2,90.4,84.36,0.0,0,4.5,30.1,6.0,2
2024-08-11 10:00:00,80.6,87.1,88.84,0.0,0,7.4,30.1,5.4,3
2024-08-11 11:00:00,78.8,78.8,93.04,0.0,0,3.4,63.1,5.6,5
2024-08-11 12:00:00,75.2,75.2,94.15,0.0,0,5.3,50.0,2.9,7
2024-08-11 13:00:00,75.2,75.2,94.81,0.0,0,3.2,30.1,5.3,4
2024-08-11 14:00:00,75.6,75.6,94.22,0.0,0,1.7,58.7,5.9,4
2024-08-11 15:00:00,77.0,77.0,94.19,0.0,0,4.7,30.1,5.9,2
2024-08-11 16:00:00,77.0,77.0,94.85,0.0,0,5.4,30.1,5.9,2
2024-08-11 17:00:00,78.8,78.8,88.79,0.0,0,6.4,58.7,6.4,1
2024-08-11 18:00:00,78.8,78.8,89.38,0.0,0,3.5,27.5,6.1,1
2024-08-11 19:00:00,78.8,78.8,89.38,0.0,0,1.5,27.5,6.2,0
2024-08-11 20:00:00,78.6,78.6,89.61,0.058,100,1.4,57.3,6.2,0
2024-08-11 21:00:00,78.6,78.6,89.37,0.0,0,0.1,27.5,6.1,0
2024-08-11 22:00:00,77.0,77.0,94.19,0.0,0,1.1,27.5,6.1,0
2024-08-11 23:00:00,77.1,77.1,94.1,0.0,0,0.3,57.3,6.1,0
2024-08-12 00:00:00,77.0,77.0,94.19,0.0,0,0.3,27.5,6.1,0
2024-08-12 01:00:00,77.0,77.0,94.19,0.0,0,1.0,27.5,6.1,0
2024-08-12 02:00:00,76.6,76.6,93.51,0.0,0,2.2,57.3,6.1,0
2024-08-12 03:00:00,75.4,75.4,93.49,0.0,0,0.1,27.5,6.1,0
2024-08-12 04:00:00,75.2,75.2,94.15,0.0,0,0.3,30.1,6.1,0
2024-08-12 05:00:00,75.1,75.1,94.15,0.008,100,2.1,27.9,6.1,0
2024-08-12 06:00:00,75.1,75.1,94.15,0.004,100,0.3,25.0,6.1,0
2024-08-12 07:00:00,75.1,75.1,94.15,0.0,0,0.1,25.0,6.1,0
2024-08-12 08:00:00,75.3,75.3,93.49,0.0,0,2.2,25.0,6.1,0
2024-08-12 09:00:00,77.3,77.3,88.07,0.0,0,1.4,25.0,6.2,2
2024-08-12 10:00:00,80.7,86.4,83.1,0.004,100,0.4,25.0,6.2,4
2024-08-12 11:00:00,84.1,92.4,74.98,0.004,100,1.2,25.0,6.2,6
2024-08-12 12:00:00,87.5,97.5,67.28,0.004,100,4.4,25.0,6.2,7
2024-08-12 13:00:00,89.3,99.7,63.12,0.008,100,5.5,27.9,6.2,7
2024-08-12 14:00:00,91.1,100.3,56.56,0.008,100,5.5,27.9,6.2,8
2024-08-12 15:00:00,91.1,100.3,56.56,0.0,0,4.4,27.9,6.2,8
2024-08-12 16:00:00,92.7,102.1,53.45,0.0,0,4.7,25.0,6.2,6
2024-08-12 17:00:00,91.1,100.1,56.16,0.0,0,3.4,25.0,6.2,6
2024-08-12 18:00:00,91.1,100.3,56.56,0.0,0,5.5,25.0,6.2,4
2024-08-12 19:00:00,90.9,98.4,53.96,0.0,0,6.7,25.0,6.2,1
2024-08-12 20:00:00,87.3,93.8,60.44,0.0,0,6.5,25.0,6.2,0
2024-08-12 21:00:00,85.5,92.7,67.06,0.0,0,4.4,25.0,6.2,0
2024-08-12 22:00:00,85.3,92.6,67.99,0.0,0,2.1,25.0,6.2,0
2024-08-12 23:00:00,83.5,91.2,75.98,0.0,0,0.3,25.0,6.2,0
2024-08-13 00:00:00,82.1,88.8,78.9,0.0,0,0.7,25.0,6.2,0
2024-08-13 01:00:00,80.5,85.8,83.09,0.0,0,0.4,25.0,6.2,0
2024-08-13 02:00:00,80.3,85.5,84.25,0.0,0,2.2,25.0,6.2,0
2024-08-13 03:00:00,80.3,85.4,83.66,0.0,0,0.0,25.0,6.2,0
2024-08-13 04:00:00,78.7,78.7,88.75,0.0,0,0.0,25.0,6.2,0
2024-08-13 05:00:00,78.5,78.5,88.75,0.0,0,0.0,25.0,6.2,0
2024-08-13 06:00:00,78.6,78.6,89.37,0.0,0,0.0,27.5,6.2,0
2024-08-13 07:00:00,78.6,78.6,88.75,0.0,0,0.3,27.5,6.2,0
2024-08-13 08:00:00,79.9,79.9,85.62,0.0,0,2.0,57.3,6.2,0
2024-08-13 09:00:00,82.4,89.5,78.92,0.0,0,1.0,27.5,6.2,2
2024-08-13 10:00:00,86.0,93.7,66.65,0.0,0,2.7,27.5,6.2,4
2024-08-13 11:00:00,89.4,98.0,59.48,0.0,0,5.0,57.3,6.8,6
2024-08-13 12:00:00,91.2,100.3,56.17,0.0,0,7.1,27.5,6.2,7
2024-08-13 13:00:00,93.0,97.9,45.16,0.0,0,7.8,27.5,6.2,8
2024-08-13 14:00:00,91.8,98.2,50.22,0.0,0,8.7,58.7,6.8,9
2024-08-13 15:00:00,93.0,99.7,48.37,0.0,0,6.7,30.1,6.2,7
2024-08-13 16:00:00,91.2,100.5,56.57,0.0,0,10.8,27.5,6.2,7
2024-08-13 17:00:00,92.4,100.0,50.85,0.0,0,7.7,57.3,6.8,4
2024-08-13 18:00:00,90.8,95.5,48.75,0.0,0,9.5,27.5,6.2,3
2024-08-13 19:00:00,89.2,96.5,57.51,0.0,0,4.4,27.5,6.2,1
2024-08-13 20:00:00,86.0,93.9,67.12,0.0,0,7.4,57.3,6.2,0
2024-08-13 21:00:00,85.6,94.6,71.24,0.0,0,2.4,27.5,6.2,0
2024-08-13 22:00:00,84.0,92.1,74.97,0.0,0,3.4,27.5,6.2,0
2024-08-13 23:00:00,83.9,90.8,71.41,0.0,0,4.4,57.3,6.2,0
2024-08-14 00:00:00,83.8,90.7,72.07,0.0,0,2.0,30.1,6.2,0
2024-08-14 01:00:00,84.0,92.1,74.97,0.0,0,3.5,30.1,6.2,0
2024-08-14 02:00:00,83.6,92.7,79.07,0.0,0,3.0,57.3,6.2,0
2024-08-14 03:00:00,82.2,90.3,83.77,0.0,0,2.0,30.1,6.2,0
2024-08-14 04:00:00,82.2,90.3,83.77,0.0,0,0.0,27.5,6.2,0
2024-08-14 05:00:00,81.8,89.5,84.34,0.0,0,2.0,57.3,6.2,0
2024-08-14 06:00:00,80.6,87.0,88.22,0.0,0,0.3,27.5,6.2,0
2024-08-14 07:00:00,80.4,85.8,84.25,0.0,0,3.0,27.5,6.2,0
2024-08-14 08:00:00,80.5,86.6,88.14,0.0,0,3.1,57.3,5.1,0
2024-08-14 09:00:00,82.6,91.1,82.65,0.0,0,3.2,27.5,5.7,2
2024-08-14 10:00:00,86.0,95.2,70.29,0.0,0,2.5,27.5,5.7,4
2024-08-14 11:00:00,88.4,92.6,52.37,0.0,0,5.7,57.3,6.2,6
2024-08-14 12:00:00,89.6,93.9,50.21,0.0,0,6.9,27.5,6.2,7
2024-08-14 13:00:00,91.2,96.0,48.11,0.0,0,6.8,30.1,6.2,8
2024-08-14 14:00:00,94.0,101.0,46.96,0.0,0,7.5,58.7,6.8,8
2024-08-14 15:00:00,92.8,99.4,48.69,0.0,0,6.7,30.1,6.1,6
2024-08-14 16:00:00,91.0,100.7,57.75,0.0,0,10.5,30.1,6.1,5
2024-08-14 17:00:00,90.9,100.9,58.2,0.0,0,10.6,57.3,6.4,3
2024-08-14 18:00:00,89.2,99.9,63.99,0.0,0,9.9,27.5,6.1,2
2024-08-14 19:00:00,87.2,96.9,67.72,0.0,0,11.0,27.5,6.1,1
2024-08-14 20:00:00,83.8,90.7,71.82,0.0,0,12.9,57.3,6.2,0
2024-08-14 21:00:00,82.2,89.1,79.46,0.0,0,6.7,27.5,6.2,0
2024-08-14 22:00:00,82.2,89.1,79.46,0.0,0,6.7,27.5,6.2,0
2024-08-14 23:00:00,82.1,88.8,78.68,0.0,0,3.5,57.3,6.2,0
2024-08-15 00:00:00,82.0,87.7,75.85,0.0,0,3.1,27.5,6.2,0
2024-08-15 01:00:00,80.2,84.7,80.43,0.0,0,0.3,27.5,6.1,0
2024-08-15 02:00:00,80.2,85.2,83.85,0.0,0,0.3,57.3,6.1,0
2024-08-15 03:00:00,80.4,85.7,83.66,0.0,0,0.5,27.5,6.1,0
2024-08-15 04:00:00,78.6,78.6,88.75,0.0,0,0.1,27.5,6.1,0
2024-08-15 05:00:00,78.7,78.7,87.56,0.0,0,1.2,57.3,6.1,0
2024-08-15 06:00:00,78.6,78.6,88.75,0.0,0,2.0,27.5,6.1,0
2024-08-15 07:00:00,78.6,78.6,88.75,0.0,0,0.4,27.5,6.2,0
2024-08-15 08:00:00,79.0,79.0,86.6,0.0,0,2.4,57.3,6.5,0
2024-08-15 09:00:00,84.0,91.9,74.45,0.0,0,3.5,27.5,6.2,2
2024-08-15 10:00:00,87.6,95.6,62.91,0.0,0,3.2,27.5,6.2,4
2024-08-15 11:00:00,91.0,98.8,54.31,0.0,0,5.5,57.3,6.5,6
2024-08-15 12:00:00,91.2,98.6,53.24,0.0,0,6.8,27.5,6.2,7
2024-08-15 13:00:00,93.0,101.1,50.69,0.0,0,6.7,27.5,6.2,8
2024-08-15 14:00:00,93.1,101.3,50.71,0.0,0,5.5,57.3,6.8,7
2024-08-15 15:00:00,93.2,103.3,53.51,0.0,0,4.5,27.5,6.2,7
2024-08-15 16:00:00,91.4,102.9,59.69,0.0,0,4.8,27.5,6.2,7
2024-08-15 17:00:00,86.7,98.1,72.77,0.0,0,8.7,57.3,6.5,6
2024-08-15 18:00:00,79.8,79.8,85.76,0.0,0,7.5,27.5,5.1,3
2024-08-15 19:00:00,81.2,88.5,87.04,0.0,0,2.4,27.5,6.2,1
2024-08-15 20:00:00,81.3,88.5,86.5,0.661,100,1.2,57.3,6.2,0
2024-08-15 21:00:00,81.0,88.0,87.63,0.0,0,1.4,27.5,6.2,0
2024-08-15 22:00:00,82.6,92.9,88.31,0.0,0,2.0,27.5,5.7,0
2024-08-15 23:00:00,80.9,87.6,87.43,0.0,0,0.7,57.3,5.7,0
2024-08-16 00:00:00,80.6,87.1,88.84,0.0,0,3.5,30.1,6.0,0
2024-08-16 01:00:00,80.6,87.1,88.84,0.0,0,1.2,27.5,6.2,0
2024-08-16 02:00:00,80.0,85.8,91.23,0.14,100,0.3,58.7,4.9,0
2024-08-16 03:00:00,80.4,87.5,94.27,0.0,0,2.0,30.1,5.5,0
2024-08-16 04:00:00,78.8,78.8,94.23,0.0,0,0.0,30.1,5.6,0
2024-08-16 05:00:00,80.0,85.7,90.04,0.0,0,1.0,57.3,5.6,0
2024-08-16 06:00:00,78.8,78.8,93.58,0.0,0,2.5,27.5,6.1,0
2024-08-16 07:00:00,78.6,78.6,94.23,0.0,0,1.2,27.5,6.1,0
2024-08-16 08:00:00,79.7,79.7,91.04,0.0,0,1.2,58.7,6.0,0
2024-08-16 09:00:00,80.2,86.1,89.44,0.0,0,4.5,30.1,6.0,2
2024-08-16 10:00:00,80.8,87.4,87.62,0.0,0,4.5,27.5,6.1,4
2024-08-16 11:00:00,84.3,92.3,73.45,0.0,0,8.5,57.3,6.5,5
2024-08-16 12:00:00,86.0,95.2,70.29,0.0,0,5.5,27.5,6.2,5
2024-08-16 13:00:00,89.6,98.4,59.46,0.0,0,6.7,27.5,6.2,5
2024-08-16 14:00:00,89.8,98.9,59.51,0.021,100,4.5,58.7,6.8,7
2024-08-16 15:00:00,91.4,99.1,53.27,0.0,0,7.7,30.1,6.2,8
2024-08-16 16:00:00,91.4,100.8,56.2,0.0,0,7.5,30.1,6.2,6
2024-08-16 17:00:00,92.4,101.9,54.19,0.0,0,6.8,57.3,6.8,5
2024-08-16 18:00:00,91.0,100.5,57.34,0.0,0,11.9,27.5,6.2,2
2024-08-16 19:00:00,87.4,95.7,64.23,0.0,0,11.9,27.5,6.2,1
2024-08-16 20:00:00,82.6,91.5,83.77,0.104,100,2.4,57.3,6.2,0
2024-08-16 21:00:00,80.8,87.6,88.23,0.0,0,3.5,27.5,6.2,0
2024-08-16 22:00:00,80.8,87.6,88.23,0.0,0,2.7,27.5,6.2,0
2024-08-16 23:00:00,80.6,87.0,88.55,0.0,0,2.1,57.3,6.2,0
2024-08-17 00:00:00,80.6,87.0,88.22,0.0,0,0.3,27.5,6.2,0
2024-08-17 01:00:00,80.6,87.9,92.98,0.0,0,0.3,27.5,6.2,0
2024-08-17 02:00:00,80.1,85.9,90.43,0.0,0,2.0,57.3,6.2,0
2024-08-17 03:00:00,80.6,87.1,88.84,0.0,0,2.1,27.5,6.2,0
2024-08-17 04:00:00,78.8,78.8,94.23,0.0,0,0.0,27.5,6.1,0
2024-08-17 05:00:00,78.9,78.9,92.91,0.0,0,0.3,57.3,6.1,0
2024-08-17 06:00:00,78.8,78.8,94.23,0.0,0,0.0,27.5,6.1,0
2024-08-17 07:00:00,78.8,78.8,94.23,0.0,0,0.0,27.5,6.1,0
2024-08-17 08:00:00,78.9,78.9,93.21,0.0,0,4.2,57.3,6.4,0
2024-08-17 09:00:00,80.8,87.4,87.62,0.0,0,5.1,27.5,6.2,1
2024-08-17 10:00:00,83.0,91.9,81.53,0.0,0,5.4,27.5,6.2,3
2024-08-17 11:00:00,86.3,96.0,70.64,0.0,0,3.5,58.7,6.5,5
2024-08-17 12:00:00,89.4,102.5,67.49,0.0,0,3.2,30.1,6.2,7
2024-08-17 13:00:00,91.0,102.4,60.48,0.0,0,5.7,30.1,6.2,5
2024-08-17 14:00:00,91.1,100.9,57.42,0.0,0,3.5,58.7,6.8,5
2024-08-17 15:00:00,92.6,106.4,60.25,0.0,0,4.5,30.1,6.1,3
2024-08-17 16:00:00,82.8,93.1,87.12,0.0,0,9.4,41.2,5.1,4
2024-08-17 17:00:00,81.5,89.1,87.07,0.0,0,6.5,61.7,6.2,4
2024-08-17 18:00:00,81.4,88.9,86.45,0.0,0,4.5,27.5,5.1,3
2024-08-17 19:00:00,79.6,79.6,86.35,0.0,0,4.7,27.5,5.6,1
2024-08-17 20:00:00,79.3,79.3,91.01,0.0,0,1.8,61.7,5.6,0
2024-08-17 21:00:00,79.2,79.2,92.3,0.0,0,3.5,27.5,5.6,0
2024-08-17 22:00:00,79.0,79.0,92.94,0.0,0,1.4,27.5,5.7,0
2024-08-17 23:00:00,79.2,79.2,91.74,0.0,0,4.5,57.3,5.1,0
2024-08-18 00:00:00,79.0,79.0,92.94,0.0,0,2.4,27.5,5.7,0
2024-08-18 01:00:00,79.0,79.0,93.59,0.0,0,2.2,27.5,5.7,0
2024-08-18 02:00:00,78.9,78.9,92.51,0.07,100,5.4,57.3,5.1,0
2024-08-18 03:00:00,79.0,79.0,93.59,0.0,0,4.4,47.4,4.6,0
2024-08-18 04:00:00,79.0,79.0,93.59,0.0,0,3.1,27.5,5.7,0
2024-08-18 05:00:00,78.7,78.7,90.34,0.0,0,1.4,57.3,5.7,0
2024-08-18 06:00:00,79.0,79.0,88.77,0.0,0,2.4,27.5,6.2,0
2024-08-18 07:00:00,78.8,78.8,94.23,0.0,0,2.0,27.5,6.2,0
2024-08-18 08:00:00,78.8,78.8,93.65,0.439,100,0.1,57.3,6.5,0
2024-08-18 09:00:00,81.0,87.9,87.03,0.0,0,2.4,27.5,6.2,2
2024-08-18 10:00:00,86.0,95.2,70.29,0.0,0,4.7,27.5,6.2,4
2024-08-18 11:00:00,88.2,96.6,62.16,0.0,0,6.9,57.3,6.8,6
2024-08-18 12:00:00,89.6,98.4,59.46,0.0,0,8.7,30.1,6.2,6
2024-08-18 13:00:00,91.4,102.7,59.27,0.0,0,8.8,50.0,6.2,8
2024-08-18 14:00:00,91.4,99.4,53.65,0.0,0,7.7,58.7,6.8,6
2024-08-18 15:00:00,88.0,100.2,70.01,0.0,0,6.5,50.0,6.2,8
2024-08-18 16:00:00,91.4,100.8,56.2,0.0,0,4.7,27.5,6.2,7
2024-08-18 17:00:00,89.7,100.4,62.54,0.0,0,5.5,57.3,6.5,5
2024-08-18 18:00:00,91.0,102.4,60.48,0.0,0,4.5,27.5,6.2,3
2024-08-18 19:00:00,89.2,99.9,63.99,0.0,0,4.4,27.5,6.2,1
2024-08-18 20:00:00,82.7,91.6,83.52,0.174,100,2.2,61.7,5.1,0
2024-08-18 21:00:00,81.0,89.1,92.36,0.0,0,0.0,27.5,6.2,0
2024-08-18 22:00:00,80.8,87.4,87.62,0.0,0,4.5,27.5,5.7,0
2024-08-18 23:00:00,80.8,87.4,87.91,0.0,0,3.0,61.7,5.7,0
2024-08-19 00:00:00,79.0,79.0,92.94,0.0,0,3.2,27.5,5.7,0
2024-08-19 01:00:00,79.0,79.0,92.94,0.0,0,2.0,27.5,5.7,0
2024-08-19 02:00:00,78.9,78.9,92.48,0.418,100,1.4,58.7,5.7,0
2024-08-19 03:00:00,79.0,79.0,93.59,0.0,0,0.0,30.1,5.7,0
2024-08-19 04:00:00,79.0,79.0,88.77,0.0,0,4.3,30.1,6.2,0
2024-08-19 05:00:00,78.5,78.5,90.81,0.0,0,0.3,58.7,6.1,0
2024-08-19 06:00:00,78.8,78.8,89.38,0.0,0,0.0,30.1,6.1,0
2024-08-19 07:00:00,78.8,78.8,88.76,0.0,0,0.0,30.1,5.6,0
2024-08-19 08:00:00,78.9,78.9,92.54,0.0,0,2.1,57.3,5.6,0
2024-08-19 09:00:00,80.6,86.2,83.68,0.0,0,1.2,27.5,6.2,2
2024-08-19 10:00:00,84.4,94.5,78.53,0.0,0,2.2,27.5,6.2,4
2024-08-19 11:00:00,86.2,97.1,73.18,0.0,0,2.2,57.3,6.2,5
2024-08-19 12:00:00,89.4,98.6,60.7,0.0,0,4.4,30.1,6.2,7
2024-08-19 13:00:00,91.0,102.4,60.48,0.0,0,3.4,30.1,6.2,6
2024-08-19 14:00:00,88.0,98.4,66.55,0.0,0,8.7,58.7,6.2,4
2024-08-19 15:00:00,89.6,100.5,63.15,0.0,0,7.5,30.1,6.2,8
2024-08-19 16:00:00,89.6,104.2,69.21,0.0,0,6.5,27.5,6.2,6
2024-08-19 17:00:00,83.5,92.6,79.76,0.0,0,6.4,57.3,6.2,5
2024-08-19 18:00:00,83.4,94.0,84.2,0.0,0,2.2,27.5,5.7,2
2024-08-19 19:00:00,81.4,88.9,86.45,0.0,0,3.2,27.5,6.2,1
2024-08-19 20:00:00,82.2,90.6,84.52,0.07,100,2.0,57.3,6.2,0
2024-08-19 21:00:00,82.6,91.3,83.22,0.0,0,5.7,27.5,6.2,0
2024-08-19 22:00:00,81.0,88.2,88.24,0.0,0,6.4,30.1,5.4,0
2024-08-19 23:00:00,80.9,87.7,87.73,0.0,0,5.5,63.1,6.1,0
2024-08-20 00:00:00,80.4,86.5,88.83,0.0,0,3.5,30.1,6.1,0
2024-08-20 01:00:00,80.4,86.5,88.83,0.0,0,2.2,27.5,6.1,0
2024-08-20 02:00:00,79.0,79.0,92.59,0.017,100,0.0,57.3,6.1,0
2024-08-20 03:00:00,78.8,78.8,93.58,0.0,0,2.0,27.5,6.1,0
2024-08-20 04:00:00,78.6,78.6,94.23,0.0,0,1.0,27.5,6.1,0
2024-08-20 05:00:00,78.7,78.7,94.23,0.0,0,2.2,57.3,6.1,0
2024-08-20 06:00:00,78.6,78.6,94.88,0.0,0,2.0,30.1,6.1,0
2024-08-20 07:00:00,78.8,78.8,93.58,0.0,0,4.5,30.1,6.1,0
2024-08-20 08:00:00,78.7,78.7,94.23,0.0,0,2.4,27.9,6.1,0
2024-08-20 09:00:00,80.5,86.9,88.83,0.0,0,3.4,27.9,6.1,2
2024-08-20 10:00:00,79.9,79.9,84.22,0.0,0,8.1,27.9,5.9,3
2024-08-20 11:00:00,81.5,88.7,85.23,0.0,0,4.5,58.7,5.9,5
2024-08-20 12:00:00,78.7,78.7,88.75,0.0,0,6.4,27.9,6.1,7
2024-08-20 13:00:00,81.9,89.6,84.34,0.0,0,4.8,27.9,6.0,7
2024-08-20 14:00:00,83.8,93.2,79.3,0.0,0,5.5,58.7,6.3,4
2024-08-20 15:00:00,81.2,88.5,87.04,0.0,0,4.8,27.5,6.1,5
2024-08-20 16:00:00,78.0,78.0,86.27,0.0,0,7.5,47.4,2.9,3
2024-08-20 17:00:00,77.5,77.5,92.74,0.0,0,3.6,61.7,3.9,2
2024-08-20 18:00:00,77.6,77.6,92.25,0.0,0,3.8,30.1,5.6,2
2024-08-20 19:00:00,77.4,77.4,88.08,0.0,0,5.8,30.1,6.1,0
2024-08-20 20:00:00,76.7,76.7,93.77,0.0,0,0.5,58.7,6.0,0
2024-08-20 21:00:00,77.0,77.0,94.19,0.0,0,0.5,30.1,5.5,0
2024-08-20 22:00:00,77.0,77.0,94.19,0.0,0,0.8,30.1,5.0,0
2024-08-20 23:00:00,76.8,76.8,93.28,0.0,0,3.6,57.3,5.6,0
2024-08-21 00:00:00,77.0,77.0,93.54,0.0,0,4.5,27.5,5.6,0
2024-08-21 01:00:00,77.0,77.0,89.31,0.0,0,0.1,27.5,5.6,0
2024-08-21 02:00:00,75.4,75.4,94.19,0.179,100,2.0,57.3,5.6,0
2024-08-21 03:00:00,75.2,75.2,94.81,0.0,0,0.0,27.5,5.6,0
2024-08-21 04:00:00,76.8,76.8,94.85,0.0,0,2.0,27.5,5.6,0
2024-08-21 05:00:00,76.4,76.4,94.49,0.0,0,0.3,57.3,5.6,0
2024-08-21 06:00:00,76.8,76.8,94.19,0.0,0,0.0,27.5,6.1,0
2024-08-21 07:00:00,76.8,76.8,94.19,0.0,0,0.0,27.5,5.6,0
2024-08-21 08:00:00,76.9,76.9,90.05,0.0,0,3.0,57.3,6.1,0
2024-08-21 09:00:00,78.8,78.8,88.76,0.0,0,0.0,27.5,6.2,2
2024-08-21 10:00:00,80.4,85.8,84.25,0.0,0,0.0,27.5,6.2,4
2024-08-21 11:00:00,83.6,91.1,75.01,0.0,0,3.2,57.3,6.8,5
2024-08-21 12:00:00,87.6,95.6,62.91,0.0,0,2.4,27.5,6.2,6
2024-08-21 13:00:00,89.4,98.2,59.85,0.0,0,3.2,27.5,6.2,7
2024-08-21 14:00:00,89.4,99.9,62.85,0.0,0,3.2,57.3,6.8,5
2024-08-21 15:00:00,89.4,100.0,63.13,0.0,0,7.5,30.1,6.1,5
2024-08-21 16:00:00,91.0,102.1,60.05,0.0,0,7.7,27.5,6.2,4
2024-08-21 17:00:00,89.4,99.7,62.46,0.0,0,7.5,57.3,6.5,3
2024-08-21 18:00:00,87.6,97.7,67.29,0.0,0,5.5,27.5,6.2,3
2024-08-21 19:00:00,84.2,92.6,74.99,0.0,0,4.3,27.5,6.2,1
2024-08-21 20:00:00,82.5,89.6,78.52,0.0,0,3.1,57.3,6.2,0
2024-08-21 21:00:00,82.2,90.4,84.36,0.0,0,4.2,27.5,6.2,0
2024-08-21 22:00:00,80.6,86.3,84.26,0.0,0,2.0,27.5,6.2,0
2024-08-21 23:00:00,80.5,86.0,84.31,0.0,0,2.0,57.3,6.2,0
2024-08-22 00:00:00,80.4,85.9,84.84,0.0,0,0.0,27.5,6.1,0
2024-08-22 01:00:00,80.6,87.1,88.84,0.0,0,2.4,27.5,6.1,0
2024-08-22 02:00:00,80.2,86.1,88.96,0.0,0,1.4,57.3,4.5,0
2024-08-22 03:00:00,79.0,79.0,93.59,0.0,0,3.4,27.5,4.5,0
2024-08-22 04:00:00,79.0,79.0,93.59,0.0,0,2.1,27.5,5.6,0
2024-08-22 05:00:00,79.0,79.0,89.53,0.0,0,0.4,57.3,6.1,0
2024-08-22 06:00:00,79.0,79.0,88.77,0.0,0,2.2,27.5,6.1,0
2024-08-22 07:00:00,78.8,78.8,89.38,0.0,0,0.3,27.5,5.5,0
2024-08-22 08:00:00,78.9,78.9,89.76,0.0,0,0.0,57.3,5.4,0
2024-08-22 09:00:00,80.6,87.1,88.84,0.0,0,0.3,27.5,5.4,1
2024-08-22 10:00:00,82.4,90.9,83.79,0.0,0,1.0,27.5,5.4,3
2024-08-22 11:00:00,85.5,96.2,75.55,0.0,0,3.4,57.3,6.0,4
2024-08-22 12:00:00,87.8,99.9,70.48,0.0,0,3.2,27.5,6.1,5
2024-08-22 13:00:00,89.4,100.2,63.57,0.0,0,3.4,30.1,6.1,5
2024-08-22 14:00:00,90.1,101.5,62.71,0.0,0,2.5,58.7,6.2,6
2024-08-22 15:00:00,89.6,102.6,66.58,0.0,0,7.7,30.1,6.1,5
2024-08-22 16:00:00,87.6,99.6,70.95,0.0,0,8.7,30.1,6.1,5
2024-08-22 17:00:00,80.7,87.2,88.31,0.0,0,9.4,61.7,5.7,4
2024-08-22 18:00:00,78.0,78.0,91.63,0.0,0,2.1,27.5,5.1,2
2024-08-22 19:00:00,79.4,79.4,87.56,0.0,0,4.3,27.5,5.6,1
2024-08-22 20:00:00,77.9,77.9,91.86,0.0,0,0.5,61.7,6.1,0
2024-08-22 21:00:00,77.6,77.6,86.86,0.0,0,3.9,27.5,5.6,0
2024-08-22 22:00:00,77.4,77.4,92.25,0.0,0,2.7,30.1,5.6,0
2024-08-22 23:00:00,77.1,77.1,89.08,0.0,0,2.5,63.1,6.1,0
2024-08-23 00:00:00,77.2,77.2,88.69,0.0,0,0.3,30.1,6.1,0
2024-08-23 01:00:00,77.2,77.2,93.54,0.0,0,0.3,30.1,5.6,0
2024-08-23 02:00:00,76.9,76.9,89.92,0.0,0,3.1,58.7,5.6,0
2024-08-23 03:00:00,77.2,77.2,93.54,0.0,0,2.2,30.1,6.1,0
2024-08-23 04:00:00,77.2,77.2,92.89,0.0,0,0.3,30.1,6.1,0
2024-08-23 05:00:00,76.8,76.8,93.63,0.0,0,0.3,58.7,5.7,0
2024-08-23 06:00:00,77.0,77.0,94.19,0.0,0,1.0,27.5,6.2,0
2024-08-23 07:00:00,77.0,77.0,93.54,0.0,0,1.0,27.5,5.5,0
2024-08-23 08:00:00,77.2,77.2,92.8,0.0,0,0.0,57.3,5.6,0
2024-08-23 09:00:00,80.6,86.3,84.26,0.0,0,3.4,27.5,6.2,1
2024-08-23 10:00:00,82.6,90.0,78.94,0.0,0,2.5,27.5,6.2,3
2024-08-23 11:00:00,84.8,93.3,72.78,0.0,0,1.5,58.7,6.8,5
2024-08-23 12:00:00,87.6,97.7,67.29,0.0,0,4.3,30.1,6.2,6
2024-08-23 13:00:00,86.2,94.1,66.67,0.0,0,8.7,30.1,6.2,6
2024-08-23 14:00:00,79.4,79.4,93.32,0.0,0,4.3,74.3,3.9,8
2024-08-23 15:00:00,82.4,91.0,84.37,0.0,0,5.5,30.1,6.1,5
2024-08-23 16:00:00,82.2,91.8,88.91,0.0,0,6.7,30.1,6.1,3
2024-08-23 17:00:00,81.6,89.0,85.38,0.0,0,8.8,63.1,5.7,3
2024-08-23 18:00:00,77.2,77.2,94.2,0.0,0,6.7,30.1,6.1,2
2024-08-23 19:00:00,77.2,77.2,94.2,0.0,0,4.8,30.1,5.9,1
2024-08-23 20:00:00,77.2,77.2,94.2,0.0,0,2.7,63.1,6.1,0
2024-08-23 21:00:00,77.0,77.0,94.19,0.0,0,3.4,30.1,5.4,0
2024-08-23 22:00:00,77.0,77.0,94.19,0.0,0,1.2,30.1,5.3,0
2024-08-23 23:00:00,76.6,76.6,94.84,0.0,0,2.2,30.1,5.2,0
2024-08-24 00:00:00,76.6,76.6,94.84,0.0,0,5.1,30.1,5.3,0
2024-08-24 01:00:00,76.6,76.6,94.84,0.0,0,2.2,30.1,5.6,0
2024-08-24 02:00:00,75.4,75.4,94.22,0.288,100,1.4,58.7,5.6,0
2024-08-24 03:00:00,75.2,75.2,99.3,0.0,0,1.5,27.5,5.6,0
2024-08-24 04:00:00,75.2,75.2,99.3,0.0,0,1.2,27.5,5.0,0
2024-08-24 05:00:00,75.3,75.3,94.72,0.0,0,4.5,57.3,5.4,0
2024-08-24 06:00:00,75.2,75.2,94.81,0.0,0,2.0,27.5,5.4,0
2024-08-24 07:00:00,75.2,75.2,94.81,0.0,0,0.4,27.5,5.5,0
2024-08-24 08:00:00,75.4,75.4,93.94,0.905,100,0.4,57.3,5.6,0
2024-08-24 09:00:00,78.6,78.6,89.37,0.0,0,5.4,27.5,6.2,1
2024-08-24 10:00:00,80.6,85.4,79.34,0.0,0,3.0,27.5,6.2,2
2024-08-24 11:00:00,83.8,90.7,71.97,0.0,0,2.1,57.3,6.2,3
2024-08-24 12:00:00,86.0,93.7,66.65,0.0,0,2.4,27.5,6.2,3
2024-08-24 13:00:00,89.2,97.7,59.83,0.0,0,5.5,27.5,6.2,3
2024-08-24 14:00:00,89.4,99.7,62.46,0.0,0,9.5,57.3,6.2,4
2024-08-24 15:00:00,91.0,98.8,54.35,0.0,0,5.5,27.5,6.2,8
2024-08-24 16:00:00,92.4,100.5,52.06,0.0,0,7.4,27.5,6.2,8
2024-08-24 17:00:00,89.3,96.7,57.38,0.0,0,7.2,57.3,6.2,5
2024-08-24 18:00:00,89.0,96.2,57.89,0.0,0,6.4,27.5,6.2,3
2024-08-24 19:00:00,87.2,95.4,64.66,0.0,0,6.4,27.5,6.2,1
2024-08-24 20:00:00,83.9,91.0,72.33,0.0,0,5.4,57.3,6.2,0
2024-08-24 21:00:00,82.2,89.3,80.01,0.0,0,2.0,27.5,6.2,0
2024-08-24 22:00:00,82.0,88.9,80.56,0.0,0,0.0,27.5,6.2,0
2024-08-24 23:00:00,80.6,86.4,84.89,0.0,0,0.0,57.3,6.2,0
2024-08-25 00:00:00,80.7,86.4,83.68,0.0,0,0.0,30.0,6.2,0
2024-08-25 01:00:00,78.4,78.4,89.36,0.0,0,9.6,30.1,6.0,0
2024-08-25 02:00:00,76.8,76.8,89.9,0.0,0,3.4,58.7,6.0,0
2024-08-25 03:00:00,76.8,76.8,89.3,0.0,0,3.0,30.1,6.1,0
2024-08-25 04:00:00,76.8,76.8,89.3,0.0,0,0.0,27.5,6.1,0
2024-08-25 05:00:00,76.8,76.8,87.95,0.0,0,0.3,57.3,6.1,0
2024-08-25 06:00:00,76.8,76.8,89.3,0.0,0,0.5,27.5,6.1,0
2024-08-25 07:00:00,76.6,76.6,89.92,0.0,0,0.4,27.5,6.1,0
2024-08-25 08:00:00,76.9,76.9,89.71,0.016,100,2.2,57.3,6.1,0
2024-08-25 09:00:00,78.6,78.6,88.75,0.0,0,2.2,27.5,6.1,1
2024-08-25 10:00:00,83.8,90.5,71.56,0.0,0,4.4,27.5,6.2,2
2024-08-25 11:00:00,85.8,94.5,69.83,0.0,0,3.2,57.3,6.8,2
2024-08-25 12:00:00,87.6,97.2,66.36,0.0,0,3.4,27.5,6.2,3
2024-08-25 13:00:00,89.4,100.0,63.13,0.0,0,4.5,47.4,6.2,5
2024-08-25 14:00:00,89.6,100.2,62.86,0.0,0,8.4,58.7,6.8,5
2024-08-25 15:00:00,89.6,100.5,63.15,0.0,0,6.7,30.1,6.2,7
2024-08-25 16:00:00,89.6,102.8,67.05,0.0,0,6.7,30.1,6.2,6
2024-08-25 17:00:00,90.6,100.2,58.54,0.0,0,9.6,58.7,6.8,4
2024-08-25 18:00:00,87.6,96.0,63.8,0.0,0,6.5,27.5,6.2,2
2024-08-25 19:00:00,85.8,95.1,71.26,0.0,0,6.4,27.5,6.2,1
2024-08-25 20:00:00,83.9,91.0,72.47,0.0,0,4.5,57.3,6.2,0
2024-08-25 21:00:00,84.0,92.3,75.49,0.0,0,6.5,27.5,6.2,0
2024-08-25 22:00:00,82.2,89.3,80.01,0.0,0,3.1,27.5,6.2,0
2024-08-25 23:00:00,81.8,88.6,81.18,0.0,0,3.2,57.3,6.2,0
2024-08-26 00:00:00,80.6,86.2,83.68,0.0,0,2.2,27.5,6.2,0
2024-08-26 01:00:00,80.4,85.8,84.25,0.0,0,3.0,27.5,6.2,0
2024-08-26 02:00:00,80.3,85.4,83.65,0.0,0,4.5,57.3,6.2,0
2024-08-26 03:00:00,80.4,85.8,84.25,0.0,0,2.0,30.1,6.2,0
2024-08-26 04:00:00,80.0,80.0,84.82,0.0,0,3.9,30.1,5.6,0
2024-08-26 05:00:00,78.3,78.3,89.09,0.0,0,0.4,58.7,5.8,0
2024-08-26 06:00:00,78.2,78.2,89.98,0.0,0,6.4,30.1,5.2,0
2024-08-26 07:00:00,78.2,78.2,89.98,0.0,0,1.0,30.1,6.0,0
2024-08-26 08:00:00,77.8,77.8,91.15,0.021,100,0.4,58.7,6.1,0
2024-08-26 09:00:00,78.4,78.4,89.36,0.0,0,3.0,30.1,6.1,2
2024-08-26 10:00:00,80.2,85.3,84.83,0.0,0,2.0,30.1,6.0,4
2024-08-26 11:00:00,81.0,87.0,82.91,0.0,0,2.0,57.3,6.4,6
2024-08-26 12:00:00,82.6,91.3,83.22,0.0,0,5.5,27.5,6.1,8
2024-08-26 13:00:00,82.8,90.4,78.4,0.0,0,9.5,30.1,5.7,7
2024-08-26 14:00:00,82.4,89.7,79.71,0.0,0,7.1,58.7,5.8,5
2024-08-26 15:00:00,80.8,86.7,83.69,0.0,0,7.2,30.1,5.9,4
2024-08-26 16:00:00,83.8,90.8,72.57,0.0,0,5.3,30.1,5.6,5
2024-08-26 17:00:00,85.1,92.8,69.8,0.0,0,4.3,58.7,6.6,4
2024-08-26 18:00:00,84.0,91.0,71.58,0.0,0,2.4,27.5,6.2,3
2024-08-26 19:00:00,82.4,88.5,75.35,0.0,0,2.2,27.5,6.2,1
2024-08-26 20:00:00,81.8,88.4,80.04,0.0,0,3.0,57.3,6.1,0
2024-08-26 21:00:00,80.6,86.3,84.26,0.0,0,1.2,27.5,6.1,0
2024-08-26 22:00:00,80.4,85.9,84.84,0.0,0,1.1,27.5,6.1,0
2024-08-26 23:00:00,80.0,85.1,85.78,0.0,0,2.0,57.3,6.1,0
2024-08-27 00:00:00,78.8,78.8,89.38,0.0,0,3.0,27.5,6.1,0
2024-08-27 01:00:00,78.6,78.6,90.0,0.0,0,2.0,27.5,6.1,0
2024-08-27 02:00:00,78.4,78.4,86.38,0.0,0,2.4,57.3,6.1,0
2024-08-27 03:00:00,78.8,78.8,84.75,0.0,0,3.0,30.1,6.1,0
2024-08-27 04:00:00,77.2,77.2,88.69,0.0,0,0.3,30.1,6.1,0
2024-08-27 05:00:00,77.2,77.2,89.79,0.0,0,2.2,58.7,6.1,0
2024-08-27 06:00:00,77.0,77.0,89.94,0.0,0,2.2,30.1,6.0,0
2024-08-27 07:00:00,76.8,76.8,94.85,0.0,0,2.0,30.1,5.6,0
2024-08-27 08:00:00,78.4,78.4,85.92,0.14,100,4.2,58.7,6.1,0
2024-08-27 09:00:00,78.6,78.6,84.74,0.0,0,4.2,30.1,6.2,2
2024-08-27 10:00:00,80.6,86.2,83.68,0.0,0,3.4,27.5,6.2,4
2024-08-27 11:00:00,83.8,91.8,75.6,0.0,0,2.2,57.3,6.5,6
2024-08-27 12:00:00,86.0,95.4,70.79,0.0,0,3.2,30.1,6.2,7
2024-08-27 13:00:00,88.0,96.6,62.96,0.0,0,3.5,30.1,6.2,7
2024-08-27 14:00:00,89.5,97.7,58.75,0.0,0,7.7,58.7,6.5,8
2024-08-27 15:00:00,89.6,98.4,59.46,0.0,0,5.7,30.1,6.2,9
2024-08-27 16:00:00,89.6,98.2,59.04,0.0,0,5.5,30.1,6.2,7
2024-08-27 17:00:00,89.4,97.0,57.48,0.0,0,5.5,57.3,6.8,4
2024-08-27 18:00:00,87.6,96.0,63.8,0.0,0,4.5,27.5,6.2,3
2024-08-27 19:00:00,87.2,95.4,64.66,0.0,0,3.2,27.5,6.2,1
2024-08-27 20:00:00,78.3,78.3,89.65,0.0,0,13.5,63.1,3.2,0
2024-08-27 21:00:00,75.0,75.0,94.81,0.0,0,7.4,50.0,3.2,0
2024-08-27 22:00:00,75.2,75.2,94.15,0.0,0,4.7,50.0,4.9,0
2024-08-27 23:00:00,75.1,75.1,90.49,0.0,0,4.7,58.7,6.0,0
2024-08-28 00:00:00,75.2,75.2,89.23,0.0,0,4.8,30.1,6.0,0
2024-08-28 01:00:00,75.2,75.2,89.23,0.0,0,3.5,30.1,6.1,0
2024-08-28 02:00:00,74.9,74.9,90.35,0.0,0,3.4,58.7,6.1,0
2024-08-28 03:00:00,75.2,75.2,89.23,0.0,0,3.2,27.5,6.1,0
2024-08-28 04:00:00,75.2,75.2,89.23,0.0,0,1.2,27.5,6.1,0
2024-08-28 05:00:00,74.0,74.0,93.65,0.0,0,1.4,57.3,6.1,0
2024-08-28 06:00:00,73.6,73.6,94.11,0.0,0,0.3,27.5,6.1,0
2024-08-28 07:00:00,75.2,75.2,88.6,0.0,0,2.2,27.5,6.1,0
2024-08-28 08:00:00,75.3,75.3,89.14,0.0,0,3.2,57.3,6.1,0
2024-08-28 09:00:00,78.8,78.8,79.2,0.0,0,4.7,27.5,6.2,2
2024-08-28 10:00:00,82.4,88.3,74.3,0.0,0,7.8,27.5,6.2,3
2024-08-28 11:00:00,85.5,91.3,63.25,0.0,0,4.5,57.3,6.8,6
2024-08-28 12:00:00,87.8,93.1,56.12,0.0,0,3.4,27.5,6.2,7
2024-08-28 13:00:00,89.4,95.0,53.37,0.0,0,5.5,27.5,6.2,8
2024-08-28 14:00:00,90.8,97.8,53.22,0.0,0,3.4,57.3,6.8,9
2024-08-28 15:00:00,92.8,100.8,51.02,0.0,0,4.4,30.1,6.2,8
2024-08-28 16:00:00,92.8,101.0,51.39,0.0,0,7.5,30.1,6.2,6
2024-08-28 17:00:00,90.7,100.1,57.93,0.0,0,6.5,57.3,6.8,4
2024-08-28 18:00:00,89.4,98.2,59.85,0.0,0,10.3,27.5,6.2,2
2024-08-28 19:00:00,86.0,92.4,63.62,0.0,0,6.4,27.5,6.2,1
2024-08-28 20:00:00,84.3,91.3,70.68,0.0,0,4.5,57.3,6.2,0
2024-08-28 21:00:00,84.0,90.8,71.08,0.0,0,5.3,27.5,6.2,0
2024-08-28 22:00:00,84.0,90.8,71.08,0.0,0,2.2,27.5,6.2,0
2024-08-28 23:00:00,82.7,89.0,74.2,0.0,0,4.3,57.3,6.2,0
2024-08-29 00:00:00,82.4,88.4,74.83,0.0,0,2.2,27.5,6.2,0
2024-08-29 01:00:00,82.2,89.3,80.01,0.0,0,0.0,27.5,6.2,0
2024-08-29 02:00:00,81.6,87.1,76.37,0.0,0,2.0,57.3,6.2,0
2024-08-29 03:00:00,80.4,85.9,84.84,0.0,0,0.0,27.5,6.1,0
2024-08-29 04:00:00,80.4,85.1,79.88,0.0,0,1.1,27.5,6.1,0
2024-08-29 05:00:00,80.1,85.0,84.32,0.0,0,0.0,57.3,6.1,0
2024-08-29 06:00:00,80.2,85.3,84.83,0.0,0,0.1,27.5,6.1,0
2024-08-29 07:00:00,78.8,78.8,88.76,0.0,0,1.2,27.5,6.1,0
2024-08-29 08:00:00,79.9,79.9,85.81,0.0,0,0.0,57.3,6.4,0
2024-08-29 09:00:00,82.2,89.3,80.01,0.0,0,2.0,27.5,6.2,1
2024-08-29 10:00:00,87.6,97.5,66.82,0.0,0,2.5,27.5,6.2,3
2024-08-29 11:00:00,89.1,97.4,59.66,0.0,0,5.5,57.3,6.2,4
2024-08-29 12:00:00,89.6,96.6,55.96,0.0,0,5.7,27.5,6.2,7
2024-08-29 13:00:00,91.2,98.8,53.62,0.0,0,5.5,30.1,6.2,9
2024-08-29 14:00:00,89.7,96.9,56.17,0.0,0,9.5,69.9,6.2,8
2024-08-29 15:00:00,91.4,98.9,52.89,0.0,0,6.7,27.5,6.2,7
2024-08-29 16:00:00,91.4,98.5,52.15,0.0,0,8.7,27.5,6.2,6
2024-08-29 17:00:00,92.4,99.5,50.2,0.0,0,7.7,57.3,6.2,5
2024-08-29 18:00:00,91.2,97.1,50.44,0.0,0,7.5,27.5,6.2,3
2024-08-29 19:00:00,89.2,93.8,51.61,0.0,0,4.2,27.5,6.2,1
2024-08-29 20:00:00,85.5,94.7,72.08,0.0,0,3.4,57.3,6.2,0
2024-08-29 21:00:00,84.0,92.1,74.97,0.0,0,2.4,27.5,6.2,0
2024-08-29 22:00:00,84.0,92.1,74.97,0.0,0,2.5,27.5,6.2,0
2024-08-29 23:00:00,82.4,89.7,79.34,0.0,0,2.2,57.3,6.2,0
2024-08-30 00:00:00,82.4,89.3,78.37,0.0,0,0.5,27.5,6.1,0
2024-08-30 01:00:00,82.2,88.8,78.35,0.0,0,0.3,27.5,6.1,0
2024-08-30 02:00:00,81.8,88.2,79.66,0.0,0,0.3,57.3,6.1,0
2024-08-30 03:00:00,80.2,85.2,84.24,0.0,0,0.0,27.5,6.2,0
2024-08-30 04:00:00,80.2,84.6,79.87,0.0,0,5.5,27.5,6.1,0
2024-08-30 05:00:00,79.8,79.8,76.8,0.0,0,7.5,57.3,6.2,0
2024-08-30 06:00:00,78.6,78.6,84.74,0.0,0,2.2,30.1,6.1,0
2024-08-30 07:00:00,78.6,78.6,84.74,0.0,0,1.1,27.5,6.1,0
2024-08-30 08:00:00,79.9,79.9,81.26,0.002,100,2.0,57.3,6.4,0
2024-08-30 09:00:00,82.4,88.4,74.83,0.0,0,2.2,27.5,6.2,2
2024-08-30 10:00:00,86.0,93.7,66.65,0.0,0,4.7,27.5,6.2,4
2024-08-30 11:00:00,87.8,96.4,63.33,0.0,0,7.7,57.3,6.8,7
2024-08-30 12:00:00,89.6,98.4,59.46,0.0,0,10.9,30.1,6.2,7
2024-08-30 13:00:00,91.2,100.5,56.57,0.0,0,8.7,30.1,6.2,8
2024-08-30 14:00:00,91.0,99.4,55.32,0.0,0,7.9,58.7,6.8,9
2024-08-30 15:00:00,91.2,99.8,55.39,0.0,0,9.9,27.5,6.2,7
2024-08-30 16:00:00,91.0,96.9,50.77,0.0,0,10.6,27.5,6.2,6
2024-08-30 17:00:00,90.4,95.0,49.42,0.0,0,11.7,57.3,6.5,5
2024-08-30 18:00:00,89.0,93.4,51.58,0.0,0,13.8,27.5,6.2,3
2024-08-30 19:00:00,87.4,91.5,54.25,0.0,0,8.7,27.5,6.2,1
2024-08-30 20:00:00,85.6,90.4,59.81,0.0,0,5.3,57.3,6.2,0
2024-08-30 21:00:00,84.0,89.6,67.37,0.0,0,4.4,27.5,6.2,0
2024-08-30 22:00:00,83.8,89.3,67.83,0.0,0,4.4,27.5,6.2,0
2024-08-30 23:00:00,82.4,88.4,74.89,0.0,0,2.0,57.3,6.2,0
2024-08-31 00:00:00,82.0,88.7,80.0,0.0,0,0.0,27.5,6.1,0
2024-08-31 01:00:00,81.8,87.4,76.37,0.0,0,1.0,27.5,6.1,0
2024-08-31 02:00:00,80.6,85.6,79.84,0.0,0,0.0,57.3,6.1,0
2024-08-31 03:00:00,80.4,85.8,84.25,0.0,0,1.1,27.5,6.1,0
2024-08-31 04:00:00,80.4,85.1,79.88,0.0,0,1.2,27.5,6.1,0
2024-08-31 05:00:00,79.7,79.7,85.01,0.0,0,0.7,58.7,5.7,0
2024-08-31 06:00:00,80.2,84.7,80.43,0.0,0,2.0,30.1,6.1,0
2024-08-31 07:00:00,78.6,78.6,89.37,0.0,0,0.3,30.1,6.1,0
2024-08-31 08:00:00,79.8,79.8,81.04,0.055,100,0.1,58.7,6.1,0
2024-08-31 09:00:00,82.2,88.2,75.87,0.0,0,2.4,27.5,6.1,2
2024-08-31 10:00:00,84.2,91.3,71.1,0.0,0,4.5,27.5,6.2,4
2024-08-31 11:00:00,87.6,97.7,67.29,0.0,0,5.4,27.5,6.2,6
2024-08-31 12:00:00,89.4,98.4,60.28,0.0,0,5.5,27.5,6.2,6
2024-08-31 13:00:00,89.6,96.8,56.36,0.0,0,5.5,30.1,6.2,8
2024-08-31 14:00:00,91.3,100.6,56.41,0.0,0,5.5,58.7,6.5,6
2024-08-31 15:00:00,92.8,102.5,53.83,0.0,0,7.7,27.5,6.2,5
2024-08-31 16:00:00,91.2,100.3,56.17,0.0,0,4.7,27.5,6.2,5
2024-08-31 17:00:00,91.0,99.9,56.11,0.0,0,5.5,57.3,6.5,4
2024-08-31 18:00:00,89.4,98.2,59.85,0.0,0,6.4,27.5,6.2,2
2024-08-31 19:00:00,84.4,91.6,70.62,0.0,0,4.2,27.5,6.2,1
2024-08-31 20:00:00,82.7,89.8,77.91,0.0,0,3.0,57.3,6.2,0
2024-08-31 21:00:00,82.2,89.3,80.01,0.0,0,2.0,27.5,6.2,0
2024-08-31 22:00:00,82.4,89.5,78.92,0.0,0,1.4,27.5,6.2,0
2024-08-31 23:00:00,82.1,89.8,83.05,0.0,0,0.4,57.3,6.2,0
